{
  "__type__": "cc.SpriteFrame",
  "content": {
    "name": "64 Tile",
    "atlas": "",
    "rect": {
      "x": 6,
      "y": 6,
      "width": 116,
      "height": 116
    },
    "offset": {
      "x": 0,
      "y": 0
    },
    "originalSize": {
      "width": 128,
      "height": 128
    },
    "rotated": false,
    "capInsets": [
      0,
      0,
      0,
      0
    ],
    "vertices": {
      "rawPosition": [
        -58,
        -58,
        0,
        58,
        -58,
        0,
        -58,
        58,
        0,
        58,
        58,
        0
      ],
      "indexes": [
        0,
        1,
        2,
        2,
        1,
        3
      ],
      "uv": [
        6,
        122,
        122,
        122,
        6,
        6,
        122,
        6
      ],
      "nuv": [
        0.046875,
        0.046875,
        0.953125,
        0.046875,
        0.046875,
        0.953125,
        0.953125,
        0.953125
      ],
      "minPos": {
        "x": -58,
        "y": -58,
        "z": 0
      },
      "maxPos": {
        "x": 58,
        "y": 58,
        "z": 0
      }
    },
    "texture": "94983424-f163-4314-85ad-916874a2d265@6c48a",
    "packable": true,
    "pixelsToUnit": 100,
    "pivot": {
      "x": 0.5,
      "y": 0.5
    },
    "meshType": 0
  }
}